"RANKING_ID","ACTOR_NAME","ROLE_TYPE","TOTAL_FILMS","TOTAL_WORLDWIDE_GROSS","AVG_WORLDWIDE_GROSS","AVG_DOMESTIC_GROSS","AVG_CRITIC_SCORE","AVG_AUDIENCE_SCORE","TOTAL_OPENING_WEEKEND","AVG_OPENING_WEEKEND","FRANCHISE_FILMS","ORIGINAL_FILMS","FIRST_FILM_YEAR","LAST_FILM_YEAR","TOTAL_AWARD_NOMINATIONS","TOTAL_AWARD_WINS"
"1381","Scarlett Johansson","Lead Actress","7",7850000000,1121428571.43,376000000,83.4,87.4,968847826.63,138406832.38,"5","2","2015","2024","0","0"
"1177","Chris Pratt","Lead Actor","7",7356000000,1050857142.86,409571428.57,57.6,77.4,933205358.33,133315051.19,"6","1","2015","2023","0","0"
"1236","Robert Downey Jr.","Lead Actor","3",6249000000,2083000000,665333333.33,85,88,743423830.67,247807943.56,"3","0","2015","2019","0","0"
"1389","Zendaya","Lead Actress","7",5574000000,796285714.29,306000000,84.9,89.9,761352267.66,108764609.67,"5","2","2017","2024","0","0"
"1156","Tom Holland","Lead Actor","5",4471000000,894200000,348000000,80.6,93,596839522.27,119367904.45,"5","0","2017","2022","0","0"
"1469","Bryce Dallas Howard","Lead Actress","4",4178000000,1044500000,385250000,59,73.3,498586114.12,124646528.53,"3","1","2015","2022","0","0"
"1316","Zoe Saldana","Lead Actress","3",4029000000,1343000000,477333333.33,81.3,91,542491201.52,180830400.51,"3","0","2017","2023","0","0"
"1259","Tom Cruise","Lead Actor","5",3950000000,790000000,277200000,79.6,78.8,525464073.47,105092814.69,"5","0","2015","2023","0","0"
"1351","Daisy Ridley","Lead Actress","2",3404000000,1702000000,778000000,92,63.5,671891056.01,335945528.01,"2","0","2015","2017","0","0"
"1172","Dwayne Johnson","Lead Actor","6",3375000000,562500000,213666666.67,67.7,73.5,382549042.36,63758173.73,"5","1","2015","2024","0","0"
"1153","Ryan Reynolds","Lead Actor","4",3238000000,809500000,361250000,82,90.3,424356549.22,106089137.31,"2","2","2016","2024","0","0"
"1334","Lupita Nyong'o","Lead Actress","5",3158000000,631600000,304400000,93.2,76,414973642.46,82994728.49,"2","3","2016","2024","0","0"
"1361","Margot Robbie","Lead Actress","6",2964000000,494000000,209666666.67,66.8,69.5,290758729.56,48459788.26,"3","3","2016","2023","0","0"
"1201","Steve Carell","Lead Actor","3",2943000000,981000000,331666666.67,60.7,62.3,305145850.46,101715283.49,"3","0","2017","2024","0","0"
"1305","Amy Poehler","Lead Actress","2",2556000000,1278000000,504500000,94.5,86,434862484.51,217431242.26,"2","0","2015","2024","0","0"
"1477","Gal Gadot","Lead Actress","4",2526000000,631500000,254500000,55,72.8,329073446.32,82268361.58,"4","0","2016","2020","0","0"
"1244","Ryan Gosling","Lead Actor","5",2385000000,477000000,201400000,88.2,82.2,224646155.35,44929231.07,"2","3","2016","2024","0","0"
"1112","Sam Worthington","Lead Actor","1",2320000000,2320000000,684000000,77,92,246629394.64,246629394.64,"1","0","2022","2022","0","0"
"1258","Vin Diesel","Lead Actor","3",2279000000,759666666.67,178666666.67,57,78,228566694.91,76188898.3,"2","1","2015","2021","0","0"
"1332","Michelle Rodriguez","Lead Actress","2",2242000000,1121000000,263000000,70.5,82,226616262.36,113308131.18,"2","0","2015","2021","0","0"
"1285","Tom Hardy","Lead Actor","4",2214000000,553500000,180000000,55.8,82.3,213425366.9,53356341.73,"3","1","2015","2024","0","0"
"1247","Timothée Chalamet","Lead Actor","6",2173000000,362166666.67,142666666.67,90.7,89.2,250757177.34,41792862.89,"2","4","2017","2024","0","0"
"1145","Benedict Cumberbatch","Lead Actor","4",2146000000,536500000,228750000,79,68.8,323479170.2,80869792.55,"2","2","2016","2022","0","0"
"1335","Kristen Wiig","Lead Actress","3",2145000000,715000000,240666666.67,65,57.7,208772446.74,69590815.58,"2","1","2016","2024","0","0"
"1127","John Boyega","Lead Actor","1",2071000000,2071000000,936000000,93,85,447977932.09,447977932.09,"1","0","2015","2015","0","0"
"1355","Emily Blunt","Lead Actress","6",2069000000,344833333.33,154833333.33,86.2,84.8,196597054.35,32766175.73,"3","3","2015","2024","0","0"
"1105","Chris Hemsworth","Lead Actor","4",2017000000,504250000,213250000,80.3,73.8,329236220.27,82309055.07,"4","0","2016","2024","0","0"
"1101","Daniel Craig","Lead Actor","4",1981000000,495250000,134750000,84,80.5,159857379.27,39964344.82,"3","1","2015","2022","0","0"
"1277","Dan Stevens","Lead Actor","3",1887000000,629000000,241333333.33,69,75.7,198827365.09,66275788.36,"1","2","2017","2024","0","0"
"1224","Paul Rudd","Lead Actor","4",1819000000,454750000,181250000,64.3,78.5,283324164.59,70831041.15,"4","0","2015","2024","0","0"
"1383","Brie Larson","Lead Actress","3",1732000000,577333333.33,203333333.33,82.3,67.3,186834501.69,62278167.23,"2","1","2015","2019","0","0"
"1404","Auli'i Cravalho","Lead Actress","2",1704000000,852000000,354500000,79,81.5,235712995.14,117856497.57,"2","0","2016","2024","0","0"
"1276","Lewis Black","Lead Actor","1",1699000000,1699000000,653000000,91,83,293613924.47,293613924.47,"1","0","2024","2024","0","0"
"1319","Beyoncé","Lead Actress","1",1657000000,1657000000,543000000,52,88,190176985.4,190176985.4,"1","0","2019","2019","0","0"
"1249","Donald Glover","Lead Actor","1",1657000000,1657000000,543000000,52,88,190176985.4,190176985.4,"1","0","2019","2019","0","0"
"1422","Lea Seydoux","Lead Actress","2",1655000000,827500000,180000000,73,74,136413669.49,68206834.75,"2","0","2015","2021","0","0"
"1353","Evangeline Lilly","Lead Actress","3",1617000000,539000000,203333333.33,71.7,81.3,260317503.97,86772501.32,"3","0","2015","2023","0","0"
"1432","Anya Taylor-Joy","Lead Actress","3",1615000000,538333333.33,226666666.67,79,83,166037206.62,55345735.54,"1","2","2022","2024","0","0"
"1221","Will Smith","Lead Actor","3",1579000000,526333333.33,237666666.67,56.3,84,220295055.61,73431685.2,"3","0","2016","2024","0","0"
"1385","Morena Baccarin","Lead Actress","2",1569000000,784500000,343500000,84.5,86,158252630.95,79126315.48,"1","1","2016","2018","0","0"
"1430","Hailee Steinfeld","Lead Actress","3",1535000000,511666666.67,233000000,94.3,86.3,190988917.81,63662972.6,"2","1","2018","2023","0","0"
"1136","Ben Affleck","Lead Actor","2",1533000000,766500000,279500000,34.5,67.5,219605774.28,109802887.14,"2","0","2016","2017","0","0"
"1470","Jennifer Lawrence","Lead Actress","4",1501000000,375250000,134250000,50.8,68.3,158469583.93,39617395.98,"3","1","2015","2021","0","0"
"1373","Jennifer Connelly","Lead Actress","1",1496000000,1496000000,719000000,96,99,294260404.21,294260404.21,"1","0","2022","2022","0","0"
"1287","Tom Hanks","Lead Actor","3",1479000000,493000000,210333333.33,91,87.3,194564033.19,64854677.73,"1","2","2015","2019","0","0"
"1352","Rebecca Ferguson","Lead Actress","2",1473000000,736500000,207500000,95,87.5,150945142.19,75472571.1,"2","0","2015","2018","0","0"
"1240","Eddie Redmayne","Lead Actor","3",1469000000,489666666.67,131666666.67,66.7,72.7,147756569.44,49252189.81,"1","2","2016","2020","0","0"
"1403","Katherine Waterston","Lead Actress","2",1468000000,734000000,197000000,55,64.5,147591089.58,73795544.79,"1","1","2016","2018","0","0"
"1341","Idina Menzel","Lead Actress","1",1450000000,1450000000,477000000,77,78,139999134.05,139999134.05,"1","0","2019","2019","0","0"
"1279","Jonathan Groff","Lead Actor","1",1450000000,1450000000,477000000,77,78,139999134.05,139999134.05,"1","0","2019","2019","0","0"
"1337","Michelle Williams","Lead Actress","3",1437000000,479000000,158000000,61.3,80.7,129893686.63,43297895.54,"1","2","2016","2021","0","0"
"1220","Chris Evans","Lead Actor","2",1379000000,689500000,263000000,82,71,206447514.53,103223757.27,"2","0","2016","2022","0","0"
"1263","Chadwick Boseman","Lead Actor","1",1349000000,1349000000,700000000,96,79,175143593.79,175143593.79,"1","0","2018","2018","0","0"
"1449","Sandra Bullock","Lead Actress","2",1349000000,674500000,220500000,67,65.5,96442115.84,48221057.92,"1","1","2015","2022","0","0"
"1312","Emma Corrin","Lead Actress","1",1338000000,1338000000,637000000,79,95,241837838.89,241837838.89,"1","0","2024","2024","0","0"
"1245","Adam Driver","Lead Actor","2",1335000000,667500000,311000000,93,63.5,224356151.2,112178075.6,"1","1","2017","2019","0","0"
"1150","Jason Statham","Lead Actor","4",1315000000,328750000,101000000,59.8,63.5,86832659.28,21708164.82,"2","2","2015","2024","0","0"
"1400","Jenny Slate","Lead Actress","2",1306000000,653000000,263000000,66.5,58,142186678.35,71093339.18,"1","1","2016","2019","0","0"
"1124","Joaquin Phoenix","Lead Actor","2",1281000000,640500000,197000000,50.5,59.5,116275196.39,58137598.2,"1","1","2019","2024","0","0"
"1388","Emma Watson","Lead Actress","1",1264000000,1264000000,504000000,71,80,135191503.62,135191503.62,"0","1","2017","2017","0","0"
"1297","Cillian Murphy","Lead Actor","2",1250000000,625000000,243000000,92,91,99747009.34,49873504.67,"1","1","2021","2023","0","0"
"1117","Craig T. Nelson","Lead Actor","1",1243000000,1243000000,609000000,94,80,220160289.29,220160289.29,"1","0","2018","2018","0","0"
"1326","Holly Hunter","Lead Actress","1",1243000000,1243000000,609000000,94,80,220160289.29,220160289.29,"1","0","2018","2018","0","0"
"1435","Tika Sumpter","Lead Actress","3",1202000000,400666666.67,189333333.33,72.7,94,185135179.49,61711726.5,"2","1","2020","2024","0","0"
"1472","Lily James","Lead Actress","3",1165000000,388333333.33,142666666.67,85.7,77.7,111486286.61,37162095.54,"1","2","2015","2018","0","0"
"1216","Jon Hamm","Lead Actor","1",1159000000,1159000000,336000000,55,57,77271979.44,77271979.44,"1","0","2015","2015","0","0"
"1254","Matthew McConaughey","Lead Actor","3",1157000000,385666666.67,156000000,72.3,83,144058432.95,48019477.65,"1","2","2016","2021","0","0"
"1487","Amber Heard","Lead Actress","1",1148000000,1148000000,335000000,65,74,90964936.75,90964936.75,"1","0","2018","2018","0","0"
"1163","Jason Momoa","Lead Actor","1",1148000000,1148000000,335000000,65,74,90964936.75,90964936.75,"1","0","2018","2018","0","0"
"1290","Jude Law","Lead Actor","1",1129000000,1129000000,427000000,79,45,138390291.3,138390291.3,"1","0","2019","2019","0","0"
"1160","Chris Pine","Lead Actor","3",1116000000,372000000,182666666.67,79.3,74,140090856.73,46696952.24,"2","1","2016","2023","0","0"
"1382","Jessica Chastain","Lead Actress","2",1104000000,552000000,219500000,76.5,76,116143294.08,58071647.04,"2","0","2015","2019","0","0"
"1444","Michelle Yeoh","Lead Actress","2",1082000000,541000000,221500000,82,75,142939702.83,71469851.42,"1","1","2022","2022","0","0"
"1434","Zazie Beetz","Lead Actress","1",1074000000,1074000000,335000000,68,88,97650342.99,97650342.99,"0","1","2019","2019","0","0"
"1386","Annie Potts","Lead Actress","1",1073000000,1073000000,434000000,97,94,142323955.14,142323955.14,"1","0","2019","2019","0","0"
"1165","Shameik Moore","Lead Actor","2",1067000000,533500000,285500000,96,93.5,154770310.02,77385155.01,"1","1","2018","2023","0","0"
"1292","Leonardo DiCaprio","Lead Actor","4",1065000000,266250000,98500000,78,78.3,105030037.4,26257509.35,"0","4","2015","2023","0","0"
"1333","Felicity Jones","Lead Actress","1",1056000000,1056000000,533000000,84,86,210226012.91,210226012.91,"1","0","2016","2016","0","0"
"1107","Diego Luna","Lead Actor","1",1056000000,1056000000,533000000,84,86,210226012.91,210226012.91,"1","0","2016","2016","0","0"
"1271","Hugh Jackman","Lead Actor","2",1054000000,527000000,200000000,74.5,88,121654850.67,60827425.34,"1","1","2017","2017","0","0"
"1242","Mena Massoud","Lead Actor","1",1051000000,1051000000,356000000,57,94,142029506.37,142029506.37,"0","1","2019","2019","0","0"
"1368","Naomi Scott","Lead Actress","1",1051000000,1051000000,356000000,57,94,142029506.37,142029506.37,"0","1","2019","2019","0","0"
"1128","Matt Damon","Lead Actor","2",1045000000,522500000,195000000,73.5,74,83021343.62,41510671.81,"2","0","2015","2016","0","0"
"1438","Rebecca Hall","Lead Actress","2",1042000000,521000000,148000000,64.5,81,90383112.76,45191556.38,"2","0","2021","2024","0","0"
"1479","Reese Witherspoon","Lead Actress","2",1042000000,521000000,216000000,71,80.5,139860254.83,69930127.42,"1","1","2016","2021","0","0"
"1262","Albert Brooks","Lead Actor","1",1029000000,1029000000,486000000,94,84,196178012.02,196178012.02,"1","0","2016","2016","0","0"
"1457","Ellen DeGeneres","Lead Actress","1",1029000000,1029000000,486000000,94,84,196178012.02,196178012.02,"1","0","2016","2016","0","0"
"1129","Jason Bateman","Lead Actor","1",1024000000,1024000000,341000000,98,92,64624853.16,64624853.16,"1","0","2016","2016","0","0"
"1427","Ginnifer Goodwin","Lead Actress","1",1024000000,1024000000,341000000,98,92,64624853.16,64624853.16,"1","0","2016","2016","0","0"
"1230","James McAvoy","Lead Actor","2",1018000000,509000000,183000000,54.5,62.5,118136758.74,59068379.37,"2","0","2016","2019","0","0"
"1405","Emma Stone","Lead Actress","4",1014000000,253500000,82750000,83.5,87,90729931.24,22682482.81,"1","3","2016","2023","0","0"
"1178","Bill Hader","Lead Actor","2",998000000,499000000,233000000,91.5,76.5,156927580.52,78463790.26,"1","1","2015","2015","0","0"
"1437","Awkwafina","Lead Actress","2",980000000,490000000,209000000,81,84.5,115048745.75,57524372.88,"2","0","2021","2024","0","0"
"1243","Neel Sethi","Lead Actor","1",967000000,967000000,364000000,94,86,130246884.31,130246884.31,"0","1","2016","2016","0","0"
"1327","Elizabeth Olsen","Lead Actress","1",956000000,956000000,411000000,74,73,173840665.81,173840665.81,"1","0","2022","2022","0","0"
"1286","Richard Madden","Lead Actor","2",945000000,472500000,182500000,65.5,78.5,96243471.91,48121735.96,"1","1","2015","2021","0","0"
"1110","Keanu Reeves","Lead Actor","3",924000000,308000000,131666666.67,82,81,117114472.86,39038157.62,"3","0","2019","2023","0","0"
"1459","Lucy Boynton","Lead Actress","1",904000000,904000000,216000000,60,85,55764797.39,55764797.39,"0","1","2018","2018","0","0"
"1173","Rami Malek","Lead Actor","1",904000000,904000000,216000000,60,85,55764797.39,55764797.39,"0","1","2018","2018","0","0"
"1453","Cate Blanchett","Lead Actress","2",901000000,450500000,168000000,91.5,69.5,121709661.11,60854830.56,"1","1","2017","2022","0","0"
"1116","Louis C.K.","Lead Actor","1",875000000,875000000,368000000,73,63,105815695.73,105815695.73,"0","1","2016","2016","0","0"
"1228","Tenoch Huerta","Lead Actor","1",860000000,860000000,453000000,84,94,167353160.31,167353160.31,"1","0","2022","2022","0","0"
"1374","Letitia Wright","Lead Actress","1",860000000,860000000,453000000,84,94,167353160.31,167353160.31,"1","0","2022","2022","0","0"
"1433","Emilia Clarke","Lead Actress","2",835000000,417500000,152000000,48,58,126766777.57,63383388.79,"2","0","2015","2018","0","0"
"1372","Vanessa Hudgens","Lead Actress","2",832000000,416000000,194000000,71.5,96.5,122327338.52,61163669.26,"2","0","2020","2024","0","0"
"1270","Anthony Gonzalez","Lead Actor","1",807000000,807000000,210000000,97,94,61521813.81,61521813.81,"1","0","2017","2017","0","0"
"1481","Alanna Ubach","Lead Actress","1",807000000,807000000,210000000,97,94,61521813.81,61521813.81,"1","0","2017","2017","0","0"
"1450","Rachel McAdams","Lead Actress","2",777000000,388500000,139000000,93,89.5,91232786.45,45616393.23,"1","1","2015","2016","0","0"
"1467","Zoë Kravitz","Lead Actress","1",772000000,772000000,369000000,85,87,146401614.1,146401614.1,"1","0","2022","2022","0","0"
"1274","Robert Pattinson","Lead Actor","1",772000000,772000000,369000000,85,87,146401614.1,146401614.1,"1","0","2022","2022","0","0"
"1410","Natalie Portman","Lead Actress","1",761000000,761000000,343000000,64,77,147289025.35,147289025.35,"1","0","2022","2022","0","0"
"1406","Vanessa Kirby","Lead Actress","1",760000000,760000000,174000000,67,88,57849606.36,57849606.36,"1","0","2019","2019","0","0"
"1441","Cynthia Erivo","Lead Actress","1",749000000,749000000,473000000,88,88,107661494,107661494,"0","1","2024","2024","0","0"
"1115","Jonathan Bailey","Lead Actor","1",749000000,749000000,473000000,88,88,107661494,107661494,"0","1","2024","2024","0","0"
"1300","Aaron Pierre","Lead Actor","1",721000000,721000000,255000000,56,75,108213453.38,108213453.38,"1","0","2024","2024","0","0"
"1349","Tiffany Boone","Lead Actress","1",721000000,721000000,255000000,56,75,108213453.38,108213453.38,"1","0","2024","2024","0","0"
"1174","James Marsden","Lead Actor","2",715000000,357500000,168000000,66,93,96398475.14,48199237.57,"1","1","2020","2022","0","0"
"1253","Jack Black","Lead Actor","2",706000000,353000000,137000000,73.5,66.5,91368723.43,45684361.72,"1","1","2015","2024","0","0"
"1207","Jaeden Martell","Lead Actor","1",701000000,701000000,327000000,86,84,45997014.05,45997014.05,"0","1","2017","2017","0","0"
"1364","Sophia Lillis","Lead Actress","1",701000000,701000000,327000000,86,84,45997014.05,45997014.05,"0","1","2017","2017","0","0"
"1149","Josh Hutcherson","Lead Actor","1",653000000,653000000,281000000,70,68,81830390.31,81830390.31,"1","0","2015","2015","0","0"
"1413","Lady Gaga","Lead Actress","2",643000000,321500000,137000000,61.5,55,69986049.62,34993024.81,"1","1","2018","2024","0","0"
"1204","John Cena","Lead Actor","2",636000000,318000000,92000000,90.5,77,53433267.95,26716633.98,"2","0","2018","2021","0","0"
"1485","Calah Lane","Lead Actress","1",635000000,635000000,219000000,83,90,49156989.58,49156989.58,"0","1","2023","2023","0","0"
"1486","Jenna Ortega","Lead Actress","2",621000000,310500000,201000000,76.5,71,98123000.66,49061500.33,"2","0","2023","2024","0","0"
"1359","Dafne Keen","Lead Actress","1",619000000,619000000,226000000,93,90,69234438.77,69234438.77,"1","0","2017","2017","0","0"
"1217","Taron Egerton","Lead Actor","2",610000000,305000000,112000000,81.5,86.5,47063743.37,23531871.69,"0","2","2015","2019","0","0"
"1338","Laura Haddock","Lead Actress","1",605000000,605000000,130000000,15,31,51422591,51422591,"1","0","2017","2017","0","0"
"1210","Mark Wahlberg","Lead Actor","1",605000000,605000000,130000000,15,31,51422591,51422591,"1","0","2017","2017","0","0"
"1273","Tye Sheridan","Lead Actor","1",583000000,583000000,137000000,72,77,34892184.43,34892184.43,"1","0","2018","2018","0","0"
"1318","Olivia Cooke","Lead Actress","1",583000000,583000000,137000000,72,77,34892184.43,34892184.43,"1","0","2018","2018","0","0"
"1454","Ana de Armas","Lead Actress","2",572000000,286000000,128500000,92.5,86.5,52316339.46,26158169.73,"1","1","2017","2019","0","0"
"1375","Hayley Atwell","Lead Actress","1",571000000,571000000,172000000,96,85,52007552.94,52007552.94,"1","0","2023","2023","0","0"
"1330","Halle Bailey","Lead Actress","1",569000000,569000000,298000000,66,70,88970121.92,88970121.92,"0","1","2023","2023","0","0"
"1451","Dakota Johnson","Lead Actress","1",569000000,569000000,166000000,25,41,27232254.42,27232254.42,"0","1","2015","2015","0","0"
"1260","Jamie Dornan","Lead Actor","1",569000000,569000000,166000000,25,41,27232254.42,27232254.42,"0","1","2015","2015","0","0"
"1214","Jonah Hauer-King","Lead Actor","1",569000000,569000000,298000000,66,70,88970121.92,88970121.92,"0","1","2023","2023","0","0"
"1139","Tom Hiddleston","Lead Actor","1",567000000,567000000,168000000,75,68,44865471.23,44865471.23,"1","0","2017","2017","0","0"
"1423","Grace Dove","Lead Actress","1",533000000,533000000,184000000,78,84,51988959.89,51988959.89,"0","1","2015","2015","0","0"
"1309","Frances McDormand","Lead Actress","3",531000000,177000000,60333333.33,86.3,73.7,53292261.61,17764087.2,"1","2","2015","2020","0","0"
"1461","Li Bingbing","Lead Actress","1",530000000,530000000,145000000,46,43,31607121.4,31607121.4,"1","0","2018","2018","0","0"
"1248","John C. Reilly","Lead Actor","1",529000000,529000000,201000000,88,68,67915032.1,67915032.1,"1","0","2018","2018","0","0"
"1340","Sarah Silverman","Lead Actress","1",529000000,529000000,201000000,88,68,67915032.1,67915032.1,"1","0","2018","2018","0","0"
"1411","Lisa Kudrow","Lead Actress","1",528000000,528000000,175000000,52,54,48732806.85,48732806.85,"1","0","2017","2017","0","0"
"1202","Alec Baldwin","Lead Actor","1",528000000,528000000,175000000,52,54,48732806.85,48732806.85,"1","0","2017","2017","0","0"
"1246","Fionn Whitehead","Lead Actor","1",527000000,527000000,190000000,92,81,37114221.79,37114221.79,"0","1","2017","2017","0","0"
"1218","Adam Sandler","Lead Actor","2",524000000,262000000,110000000,73.5,56,81411775.08,40705887.54,"1","1","2015","2019","0","0"
"1118","Jay Baruchel","Lead Actor","1",521000000,521000000,161000000,91,82,40999312.2,40999312.2,"1","0","2019","2019","0","0"
"1463","America Ferrera","Lead Actress","1",521000000,521000000,161000000,91,82,40999312.2,40999312.2,"1","0","2019","2019","0","0"
"1322","Daisy Edgar-Jones","Lead Actress","2",512000000,256000000,176000000,55,92.5,114834938.2,57417469.1,"1","1","2022","2024","0","0"
"1442","Rashida Jones","Lead Actress","1",512000000,512000000,271000000,59,56,70736809.45,70736809.45,"0","1","2018","2018","0","0"
"1325","Maika Monroe","Lead Actress","2",498000000,249000000,88500000,57.5,46.5,66843354.05,33421677.03,"1","1","2016","2024","0","0"
"1376","Leah Lewis","Lead Actress","1",496000000,496000000,154000000,74,90,49095619.2,49095619.2,"1","0","2023","2023","0","0"
"1233","Mamoudou Athie","Lead Actor","1",496000000,496000000,154000000,74,90,49095619.2,49095619.2,"1","0","2023","2023","0","0"
"1255","Pedro Pascal","Lead Actor","2",495000000,247500000,95000000,78,84,58910120.82,29455060.41,"1","1","2020","2024","0","0"
"1482","Amiah Miller","Lead Actress","1",491000000,491000000,147000000,93,82,50655204.13,50655204.13,"1","0","2017","2017","0","0"
"1138","Andy Serkis","Lead Actor","1",491000000,491000000,147000000,93,82,50655204.13,50655204.13,"1","0","2017","2017","0","0"
"1284","Ben Schwartz","Lead Actor","1",487000000,487000000,232000000,86,96,88736704.35,88736704.35,"1","0","2024","2024","0","0"
"1311","Salma Hayek","Lead Actress","1",484000000,484000000,185000000,95,93,71925504.52,71925504.52,"1","0","2022","2022","0","0"
"1211","Antonio Banderas","Lead Actor","1",484000000,484000000,185000000,95,93,71925504.52,71925504.52,"1","0","2022","2022","0","0"
"1492","Juno Temple","Lead Actress","1",476000000,476000000,140000000,39,78,41755610.97,41755610.97,"1","0","2024","2024","0","0"
"1402","Selena Gomez","Lead Actress","1",474000000,474000000,170000000,55,60,68515299.08,68515299.08,"1","0","2015","2015","0","0"
"1356","Alexandra Daddario","Lead Actress","1",474000000,474000000,155000000,49,49,28733771.03,28733771.03,"1","0","2015","2015","0","0"
"1132","Alexander Skarsgård","Lead Actor","1",470000000,470000000,100000000,75,91,32963052.63,32963052.63,"1","0","2021","2021","0","0"
"1456","Melissa McCarthy","Lead Actress","2",465000000,232500000,119500000,84.5,60.5,66961240.74,33480620.37,"1","1","2015","2016","0","0"
"1425","Alicia Vikander","Lead Actress","2",452000000,226000000,93500000,74,71,42102568.13,21051284.07,"1","1","2015","2016","0","0"
"1234","Michael Keaton","Lead Actor","1",451000000,451000000,294000000,77,64,62280762.42,62280762.42,"1","0","2024","2024","0","0"
"1360","Tessa Thompson","Lead Actress","2",450000000,225000000,133000000,92,91,62674042.72,31337021.36,"2","0","2015","2023","0","0"
"1103","Michael B. Jordan","Lead Actor","2",450000000,225000000,133000000,92,91,62674042.72,31337021.36,"2","0","2015","2023","0","0"
"1378","Connie Nielsen","Lead Actress","1",442000000,442000000,168000000,71,71,50088485.31,50088485.31,"1","0","2024","2024","0","0"
"1235","Paul Mescal","Lead Actor","1",442000000,442000000,168000000,71,71,50088485.31,50088485.31,"1","0","2024","2024","0","0"
"1134","Arnold Schwarzenegger","Lead Actor","1",441000000,441000000,90000000,26,52,28306258.28,28306258.28,"1","0","2015","2015","0","0"
"1445","Rina Sawayama","Lead Actress","1",440000000,440000000,187000000,94,93,64171915.54,64171915.54,"1","0","2023","2023","0","0"
"1123","Bradley Cooper","Lead Actor","2",437000000,218500000,108000000,85,69.5,51543682.61,25771841.31,"0","2","2018","2023","0","0"
"1167","Simu Liu","Lead Actor","1",432000000,432000000,224000000,91,98,48504819.86,48504819.86,"1","0","2021","2021","0","0"
"1166","Patton Oswalt","Lead Actor","1",431000000,431000000,158000000,60,53,36370982.62,36370982.62,"1","0","2019","2019","0","0"
"1161","Daniel Kaluuya","Lead Actor","2",427000000,213500000,149500000,90.5,77.5,66154511.1,33077255.55,"0","2","2017","2022","0","0"
"1474","Sophie Cookson","Lead Actress","1",414000000,414000000,128000000,74,83,24430611.94,24430611.94,"0","1","2015","2015","0","0"
"1370","Rachel Zegler","Lead Actress","2",413000000,206500000,101000000,77.5,77,44110082.94,22055041.47,"1","1","2021","2023","0","0"
"1429","Sofia Boutella","Lead Actress","1",410000000,410000000,80000000,16,35,28250974.13,28250974.13,"1","0","2017","2017","0","0"
"1393","Gemma Chan","Lead Actress","1",402000000,402000000,164000000,47,78,50053588.22,50053588.22,"1","0","2021","2021","0","0"
"1401","Sophia Ali","Lead Actress","1",401000000,401000000,149000000,40,90,32212418.73,32212418.73,"1","0","2022","2022","0","0"
"1490","Keke Palmer","Lead Actress","2",398000000,199000000,120500000,78.5,61,77789703.97,38894851.99,"1","1","2022","2022","0","0"
"1329","Jing Wu","Lead Actress","1",397000000,397000000,82000000,28,46,19564672.99,19564672.99,"1","0","2023","2023","0","0"
"1241","Josh Dylan","Lead Actor","1",395000000,395000000,120000000,80,68,36435108.09,36435108.09,"1","0","2018","2018","0","0"
"1164","Alden Ehrenreich","Lead Actor","1",394000000,394000000,214000000,70,64,98460519.29,98460519.29,"1","0","2018","2018","0","0"
"1238","Jacob Tremblay","Lead Actor","3",392000000,130666666.67,49000000,89.7,89.7,32399054.58,10799684.86,"0","3","2015","2021","0","0"
"1288","Christian Bale","Lead Actor","3",390000000,130000000,88333333.33,71,79.7,45783352.16,15261117.39,"0","3","2015","2022","0","0"
"1209","Liam Hemsworth","Lead Actor","1",389000000,389000000,103000000,29,35,46875721.2,46875721.2,"1","0","2016","2016","0","0"
"1348","Phoebe Waller-Bridge","Lead Actress","1",384000000,384000000,174000000,69,53,65581989.11,65581989.11,"1","0","2023","2023","0","0"
"1365","Cristela Alonzo","Lead Actress","1",384000000,384000000,152000000,69,70,53384298.67,53384298.67,"1","0","2017","2017","0","0"
"1162","Owen Wilson","Lead Actor","1",384000000,384000000,152000000,69,70,53384298.67,53384298.67,"1","0","2017","2017","0","0"
"1205","George MacKay","Lead Actor","1",384000000,384000000,159000000,89,88,53708126.84,53708126.84,"0","1","2019","2019","0","0"
"1133","Harrison Ford","Lead Actor","1",384000000,384000000,174000000,69,53,65581989.11,65581989.11,"1","0","2023","2023","0","0"
"1424","Charlize Theron","Lead Actress","1",380000000,380000000,154000000,97,86,48046721.73,48046721.73,"1","0","2015","2015","0","0"
"1111","David Harbour","Lead Actor","1",379000000,379000000,184000000,79,91,56074417.13,56074417.13,"1","0","2021","2021","0","0"
"1299","Glen Powell","Lead Actor","1",370000000,370000000,262000000,76,88,90253446.91,90253446.91,"1","0","2024","2024","0","0"
"1391","Faithe Herman","Lead Actress","1",366000000,366000000,140000000,90,82,44325863.84,44325863.84,"0","1","2019","2019","0","0"
"1141","Zachary Levi","Lead Actor","1",366000000,366000000,140000000,90,82,44325863.84,44325863.84,"0","1","2019","2019","0","0"
"1392","Elizabeth Debicki","Lead Actress","1",365000000,365000000,58000000,69,76,22024953.77,22024953.77,"1","0","2020","2020","0","0"
"1291","John David Washington","Lead Actor","1",365000000,365000000,58000000,69,76,22024953.77,22024953.77,"1","0","2020","2020","0","0"
"1475","Saoirse Ronan","Lead Actress","3",360000000,120000000,65000000,97,85.7,37349029.37,12449676.46,"0","3","2015","2019","0","0"
"1215","David Jonsson","Lead Actor","1",351000000,351000000,105000000,80,85,41696866.32,41696866.32,"1","0","2024","2024","0","0"
"1398","Cailee Spaeny","Lead Actress","1",351000000,351000000,105000000,80,85,41696866.32,41696866.32,"1","0","2024","2024","0","0"
"1491","Blake Lively","Lead Actress","1",351000000,351000000,151000000,57,87,35258486.33,35258486.33,"0","1","2024","2024","0","0"
"1298","Justin Baldoni","Lead Actor","1",351000000,351000000,151000000,57,87,35258486.33,35258486.33,"0","1","2024","2024","0","0"
"1140","John Krasinski","Lead Actor","1",341000000,341000000,188000000,96,83,29421526.92,29421526.92,"0","1","2018","2018","0","0"
"1175","Tom Blyth","Lead Actor","1",337000000,337000000,164000000,63,60,32272390.03,32272390.03,"1","0","2023","2023","0","0"
"1219","Jack Bright","Lead Actor","1",332000000,332000000,123000000,76,66,41398298.12,41398298.12,"1","0","2015","2015","0","0"
"1483","Jodie Comer","Lead Actress","1",331000000,331000000,121000000,80,94,24266079.38,24266079.38,"0","1","2021","2021","0","0"
"1342","Halle Berry","Lead Actress","1",327000000,327000000,171000000,89,86,36700670.52,36700670.52,"1","0","2019","2019","0","0"
"1226","Nicolas Cage","Lead Actor","2",324000000,162000000,66000000,81.5,76,40967347.32,20483673.66,"1","1","2020","2024","0","0"
"1414","Linda Cardellini","Lead Actress","1",322000000,322000000,85000000,77,93,24072415.24,24072415.24,"0","1","2018","2018","0","0"
"1294","Viggo Mortensen","Lead Actor","1",322000000,322000000,85000000,77,93,24072415.24,24072415.24,"0","1","2018","2018","0","0"
"1314","Vera Farmiga","Lead Actress","1",321000000,321000000,102000000,80,81,26750096.31,26750096.31,"1","0","2016","2016","0","0"
"1137","Patrick Wilson","Lead Actor","1",321000000,321000000,102000000,80,81,26750096.31,26750096.31,"1","0","2016","2016","0","0"
"1267","Dylan O'Brien","Lead Actor","1",312000000,312000000,82000000,47,56,32177129.49,32177129.49,"1","0","2015","2015","0","0"
"1476","Kaya Scodelario","Lead Actress","1",312000000,312000000,82000000,47,56,32177129.49,32177129.49,"1","0","2015","2015","0","0"
"1310","Julia Roberts","Lead Actress","1",306000000,306000000,132000000,85,94,28820315.42,28820315.42,"0","1","2017","2017","0","0"
"1272","Ansel Elgort","Lead Actor","2",303000000,151500000,72500000,92.5,90,40698987.74,20349493.87,"0","2","2017","2021","0","0"
"1121","Austin Butler","Lead Actor","1",288000000,288000000,151000000,78,94,43604365.36,43604365.36,"0","1","2022","2022","0","0"
"1431","Olivia DeJonge","Lead Actress","1",288000000,288000000,151000000,78,94,43604365.36,43604365.36,"0","1","2022","2022","0","0"
"1354","Anna Kendrick","Lead Actress","1",287000000,287000000,184000000,66,65,63149200.5,63149200.5,"1","0","2015","2015","0","0"
"1171","Adam DeVine","Lead Actor","1",287000000,287000000,184000000,66,65,63149200.5,63149200.5,"1","0","2015","2015","0","0"
"1212","Ezra Miller","Lead Actor","1",271000000,271000000,108000000,63,83,38253077.13,38253077.13,"1","0","2023","2023","0","0"
"1397","Sasha Calle","Lead Actress","1",271000000,271000000,108000000,63,83,38253077.13,38253077.13,"1","0","2023","2023","0","0"
"1143","Bill Skarsgård","Lead Actor","2",263000000,131500000,81000000,89,76.5,39309796.59,19654898.3,"0","2","2022","2024","0","0"
"1283","Joseph Quinn","Lead Actor","1",262000000,262000000,139000000,85,60,44335224.23,44335224.23,"1","0","2024","2024","0","0"
"1462","Jamie Lee Curtis","Lead Actress","1",259000000,259000000,159000000,79,70,46103566.96,46103566.96,"1","0","2018","2018","0","0"
"1157","James Jude Courtney","Lead Actor","1",259000000,259000000,159000000,79,70,46103566.96,46103566.96,"1","0","2018","2018","0","0"
"1455","Park So-dam","Lead Actress","1",259000000,259000000,53000000,99,90,11093666.09,11093666.09,"0","1","2019","2019","0","0"
"1158","Song Kang-ho","Lead Actor","1",259000000,259000000,53000000,99,90,11093666.09,11093666.09,"0","1","2019","2019","0","0"
"1170","Channing Tatum","Lead Actor","2",257000000,128500000,73500000,72,78.5,29512703.73,14756351.87,"0","2","2022","2024","0","0"
"1439","Stephanie Beatriz","Lead Actress","1",257000000,257000000,96000000,91,93,29325589.71,29325589.71,"1","0","2021","2021","0","0"
"1168","John Leguizamo","Lead Actor","1",257000000,257000000,96000000,91,93,29325589.71,29325589.71,"1","0","2021","2021","0","0"
"1131","Winston Duke","Lead Actor","1",255000000,255000000,175000000,93,60,21799677.36,21799677.36,"0","1","2019","2019","0","0"
"1371","Ariana DeBose","Lead Actress","1",255000000,255000000,108000000,48,51,39751156.45,39751156.45,"1","0","2023","2023","0","0"
"1317","Allison Williams","Lead Actress","1",255000000,255000000,176000000,98,86,36248337.44,36248337.44,"0","1","2017","2017","0","0"
"1363","Angourie Rice","Lead Actress","2",250000000,125000000,77000000,81.5,67.5,36618248.59,18309124.3,"0","2","2016","2024","0","0"
"1468","Mira Sorvino","Lead Actress","1",250000000,250000000,184000000,57,99,41762689.55,41762689.55,"0","1","2023","2023","0","0"
"1264","Jim Caviezel","Lead Actor","1",250000000,250000000,184000000,57,99,41762689.55,41762689.55,"0","1","2023","2023","0","0"
"1358","Laura Linney","Lead Actress","1",240000000,240000000,125000000,85,87,30767557.62,30767557.62,"0","1","2016","2016","0","0"
"1460","Constance Wu","Lead Actress","1",239000000,239000000,174000000,91,86,29614404.06,29614404.06,"0","1","2018","2018","0","0"
"1417","Joey King","Lead Actress","1",239000000,239000000,103000000,54,76,20538287.98,20538287.98,"0","1","2022","2022","0","0"
"1213","Henry Golding","Lead Actor","1",239000000,239000000,174000000,91,86,29614404.06,29614404.06,"0","1","2018","2018","0","0"
"1251","Brad Pitt","Lead Actor","1",239000000,239000000,103000000,54,76,20538287.98,20538287.98,"0","1","2022","2022","0","0"
"1227","Joel Fry","Lead Actor","1",234000000,234000000,86000000,74,97,16281218.61,16281218.61,"0","1","2021","2021","0","0"
"1256","Ralph Fiennes","Lead Actor","2",233000000,116500000,58000000,90,76.5,21025150.39,10512575.2,"0","2","2022","2024","0","0"
"1345","Caitriona Balfe","Lead Actress","1",226000000,226000000,117000000,92,98,26738832.95,26738832.95,"0","1","2019","2019","0","0"
"1159","Mark Ruffalo","Lead Actor","2",217000000,108500000,40000000,94.5,84.5,21408386.88,10704193.44,"0","2","2015","2023","0","0"
"1114","Kyle Gallner","Lead Actor","1",217000000,217000000,106000000,79,76,25110836.93,25110836.93,"0","1","2022","2022","0","0"
"1362","Danielle Nicolet","Lead Actress","1",217000000,217000000,127000000,69,69,23964445.94,23964445.94,"0","1","2016","2016","0","0"
"1323","Sosie Bacon","Lead Actress","1",217000000,217000000,106000000,79,76,25110836.93,25110836.93,"0","1","2022","2022","0","0"
"1379","Lily-Rose Depp","Lead Actress","1",214000000,214000000,117000000,86,78,34323642.69,34323642.69,"0","1","2024","2024","0","0"
"1266","George Clooney","Lead Actor","1",209000000,209000000,93000000,50,51,27394231.61,27394231.61,"1","0","2015","2015","0","0"
"1308","Britt Robertson","Lead Actress","1",209000000,209000000,93000000,50,51,27394231.61,27394231.61,"1","0","2015","2015","0","0"
"1120","Finn Wolfhard","Lead Actor","1",204000000,204000000,129000000,63,89,28392253.62,28392253.62,"1","0","2021","2021","0","0"
"1321","McKenna Grace","Lead Actress","1",204000000,204000000,129000000,63,89,28392253.62,28392253.62,"1","0","2021","2021","0","0"
"1154","Jeremy Renner","Lead Actor","1",203000000,203000000,100000000,94,82,15777760.97,15777760.97,"0","1","2016","2016","0","0"
"1152","Robert De Niro","Lead Actor","2",203000000,101500000,41500000,77,79,11259810.71,5629905.36,"0","2","2015","2019","0","0"
"1428","Amy Adams","Lead Actress","1",203000000,203000000,100000000,94,82,15777760.97,15777760.97,"0","1","2016","2016","0","0"
"1471","Nicole Ari Parker","Lead Actress","1",202000000,202000000,161000000,89,94,36289605.37,36289605.37,"0","1","2015","2015","0","0"
"1493","Carrie Coon","Lead Actress","1",202000000,202000000,115000000,42,70,23006660.62,23006660.62,"1","0","2024","2024","0","0"
"1146","Ewan McGregor","Lead Actor","1",202000000,202000000,84000000,79,70,22383062.98,22383062.98,"1","0","2020","2020","0","0"
"1237","O'Shea Jackson Jr.","Lead Actor","1",202000000,202000000,161000000,89,94,36289605.37,36289605.37,"0","1","2015","2015","0","0"
"1384","Anne Hathaway","Lead Actress","1",195000000,195000000,75000000,59,72,9072233.63,9072233.63,"0","1","2015","2015","0","0"
"1390","Sally Hawkins","Lead Actress","1",195000000,195000000,64000000,92,72,13391534.16,13391534.16,"0","1","2017","2017","0","0"
"1108","Michael Shannon","Lead Actor","1",195000000,195000000,64000000,92,72,13391534.16,13391534.16,"0","1","2017","2017","0","0"
"1302","Christopher Briney","Lead Actor","1",187000000,187000000,118000000,71,57,28499207.04,28499207.04,"0","1","2024","2024","0","0"
"1396","Mila Kunis","Lead Actress","1",184000000,184000000,114000000,59,73,30882272.15,30882272.15,"0","1","2016","2016","0","0"
"1130","Jay Hernandez","Lead Actor","1",184000000,184000000,114000000,59,73,30882272.15,30882272.15,"0","1","2016","2016","0","0"
"1281","Micah Abbey","Lead Actor","1",180000000,180000000,119000000,96,89,24944606.95,24944606.95,"1","0","2023","2023","0","0"
"1328","Ayo Edebiri","Lead Actress","1",180000000,180000000,119000000,96,89,24944606.95,24944606.95,"1","0","2023","2023","0","0"
"1125","Kingsley Ben-Adir","Lead Actor","1",179000000,179000000,97000000,43,91,20019610.11,20019610.11,"0","1","2024","2024","0","0"
"1350","Lashana Lynch","Lead Actress","1",179000000,179000000,97000000,43,91,20019610.11,20019610.11,"0","1","2024","2024","0","0"
"1222","Andrew Garfield","Lead Actor","1",176000000,176000000,67000000,84,90,10681832.14,10681832.14,"0","1","2016","2016","0","0"
"1313","Teresa Palmer","Lead Actress","1",176000000,176000000,67000000,84,90,10681832.14,10681832.14,"0","1","2016","2016","0","0"
"1147","Jack Champion","Lead Actor","1",170000000,170000000,108000000,76,78,35842238.24,35842238.24,"1","0","2023","2023","0","0"
"1426","Kate Mara","Lead Actress","1",168000000,168000000,56000000,9,18,21771644.62,21771644.62,"1","0","2015","2015","0","0"
"1293","Miles Teller","Lead Actor","1",168000000,168000000,56000000,9,18,21771644.62,21771644.62,"1","0","2015","2015","0","0"
"1306","Amy Ryan","Lead Actress","1",166000000,166000000,72000000,91,81,21472520.43,21472520.43,"0","1","2015","2015","0","0"
"1278","Sam Rockwell","Lead Actor","1",160000000,160000000,54000000,90,83,11458440.35,11458440.35,"0","1","2017","2017","0","0"
"1357","Odeya Rush","Lead Actress","1",158000000,158000000,80000000,76,62,24824797.54,24824797.54,"0","1","2015","2015","0","0"
"1206","Dylan Minnette","Lead Actor","1",157000000,157000000,89000000,88,79,14278701.82,14278701.82,"0","1","2016","2016","0","0"
"1377","Lily Gladstone","Lead Actress","1",157000000,157000000,67000000,93,82,21444735.73,21444735.73,"0","1","2023","2023","0","0"
"1336","Jane Levy","Lead Actress","1",157000000,157000000,89000000,88,79,14278701.82,14278701.82,"0","1","2016","2016","0","0"
"1394","Carrie-Anne Moss","Lead Actress","1",157000000,157000000,37000000,63,64,16241886.8,16241886.8,"1","0","2021","2021","0","0"
"1151","Samuel L. Jackson","Lead Actor","1",156000000,156000000,54000000,74,73,14244886.93,14244886.93,"0","1","2015","2015","0","0"
"1307","Jennifer Jason Leigh","Lead Actress","1",156000000,156000000,54000000,74,73,14244886.93,14244886.93,"0","1","2015","2015","0","0"
"1421","Isabella Rossellini","Lead Actress","1",153000000,153000000,77000000,92,82,11626569.66,11626569.66,"0","1","2024","2024","0","0"
"1446","Emmy Raver-Lampman","Lead Actress","1",152000000,152000000,66000000,70,92,12660960.63,12660960.63,"0","1","2024","2024","0","0"
"1408","Elisabeth Moss","Lead Actress","1",144000000,144000000,64000000,91,88,18404451.76,18404451.76,"0","1","2020","2020","0","0"
"1225","Oliver Jackson-Cohen","Lead Actor","1",144000000,144000000,64000000,91,88,18404451.76,18404451.76,"0","1","2020","2020","0","0"
"1229","Ke Huy Quan","Lead Actor","1",143000000,143000000,73000000,94,81,21288570.99,21288570.99,"0","1","2022","2022","0","0"
"1113","Taylor John Smith","Lead Actor","1",142000000,142000000,90000000,34,97,24581491.29,24581491.29,"0","1","2022","2022","0","0"
"1464","Julia Louis-Dreyfus","Lead Actress","1",142000000,142000000,61000000,88,95,16604068.51,16604068.51,"1","0","2020","2020","0","0"
"1268","Seth Rogen","Lead Actor","1",141000000,141000000,97000000,83,55,25277728.12,25277728.12,"0","1","2016","2016","0","0"
"1399","Amy Schumer","Lead Actress","1",141000000,141000000,110000000,85,64,15679020.48,15679020.48,"0","1","2015","2015","0","0"
"1203","Larenz Tate","Lead Actor","1",140000000,140000000,115000000,90,75,33649236.75,33649236.75,"0","1","2017","2017","0","0"
"1412","Regina Hall","Lead Actress","1",140000000,140000000,115000000,90,75,33649236.75,33649236.75,"0","1","2017","2017","0","0"
"1415","Florence Pugh","Lead Actress","2",135000000,67500000,47000000,61,65,21116408.43,10558204.22,"0","2","2019","2022","0","0"
"1473","Marisa Tomei","Lead Actress","1",133000000,133000000,133000000,88,88,15194821.27,15194821.27,"0","1","2015","2015","0","0"
"1102","Benicio del Toro","Lead Actor","2",131000000,65500000,31500000,83,75.5,13984532,6992266,"0","2","2015","2021","0","0"
"1452","Rooney Mara","Lead Actress","1",128000000,128000000,35000000,26,32,10576705.75,10576705.75,"0","1","2015","2015","0","0"
"1135","Levi Miller","Lead Actor","1",128000000,128000000,35000000,26,32,10576705.75,10576705.75,"0","1","2015","2015","0","0"
"1447","Elle Fanning","Lead Actress","1",125000000,125000000,90000000,92,89,20196822.34,20196822.34,"0","1","2024","2024","0","0"
"1257","Wagner Moura","Lead Actor","1",122000000,122000000,69000000,82,66,8087950.97,8087950.97,"0","1","2024","2024","0","0"
"1443","Kirsten Dunst","Lead Actress","2",122000000,61000000,34500000,88,63,8087950.97,4043975.49,"0","2","2021","2024","0","0"
"1148","Jamie Foxx","Lead Actor","1",121000000,121000000,0,95,88,0,0,"1","0","2020","2020","0","0"
"1416","Tina Fey","Lead Actress","1",121000000,121000000,0,95,88,0,0,"1","0","2020","2020","0","0"
"1409","Michelle Dockery","Lead Actress","1",115000000,115000000,36000000,75,88,4198178.12,4198178.12,"0","1","2020","2020","0","0"
"1155","John Goodman","Lead Actor","1",110000000,110000000,72000000,90,79,18771905.65,18771905.65,"1","0","2016","2016","0","0"
"1480","Mary Elizabeth Winstead","Lead Actress","1",110000000,110000000,72000000,90,79,18771905.65,18771905.65,"1","0","2016","2016","0","0"
"1366","Olivia Colman","Lead Actress","1",96000000,96000000,34000000,93,62,3634868.8,3634868.8,"0","1","2018","2018","0","0"
"1109","Nicholas Hoult","Lead Actor","1",96000000,96000000,34000000,93,62,3634868.8,3634868.8,"0","1","2018","2018","0","0"
"1126","Josh O'Connor","Lead Actor","1",95000000,95000000,48000000,88,78,11504777.83,11504777.83,"0","1","2024","2024","0","0"
"1119","Roman Griffin Davis","Lead Actor","1",90000000,90000000,33000000,80,94,7814034.2,7814034.2,"0","1","2019","2019","0","0"
"1369","Thomasin McKenzie","Lead Actress","1",90000000,90000000,33000000,80,94,7814034.2,7814034.2,"0","1","2019","2019","0","0"
"1275","Harry Styles","Lead Actor","1",87000000,87000000,67000000,39,67,14088139.63,14088139.63,"0","1","2022","2022","0","0"
"1367","Toni Collette","Lead Actress","1",80000000,80000000,44000000,89,68,8056609.9,8056609.9,"0","1","2018","2018","0","0"
"1295","Alex Wolff","Lead Actor","1",80000000,80000000,44000000,89,68,8056609.9,8056609.9,"0","1","2018","2018","0","0"
"1269","Casey Affleck","Lead Actor","1",79000000,79000000,48000000,97,77,6270652.43,6270652.43,"0","1","2016","2016","0","0"
"1448","Demi Moore","Lead Actress","1",79000000,79000000,22000000,90,70,2680410.14,2680410.14,"0","1","2024","2024","0","0"
"1176","Dennis Quaid","Lead Actor","1",79000000,79000000,22000000,90,70,2680410.14,2680410.14,"0","1","2024","2024","0","0"
"1466","Yifei Liu","Lead Actress","1",70000000,70000000,70000000,73,50,22034244.02,22034244.02,"1","0","2020","2020","0","0"
"1142","Jet Li","Lead Actor","1",70000000,70000000,70000000,73,50,22034244.02,22034244.02,"1","0","2020","2020","0","0"
"1478","Naomie Harris","Lead Actress","1",65000000,65000000,28000000,98,79,2905005.72,2905005.72,"0","1","2016","2016","0","0"
"1104","Trevante Rhodes","Lead Actor","1",65000000,65000000,28000000,98,79,2905005.72,2905005.72,"0","1","2016","2016","0","0"
"1261","Emory Cohen","Lead Actor","1",63000000,63000000,38000000,97,86,5349706.85,5349706.85,"0","1","2015","2015","0","0"
"1324","Sandra Hüller","Lead Actress","1",54000000,54000000,10000000,96,81,1685174.98,1685174.98,"0","1","2023","2023","0","0"
"1122","Swann Arlaud","Lead Actor","1",54000000,54000000,10000000,96,81,1685174.98,1685174.98,"0","1","2023","2023","0","0"
"1440","Kerry Condon","Lead Actress","1",51000000,51000000,11000000,97,74,2350417.47,2350417.47,"0","1","2022","2022","0","0"
"1252","Colin Farrell","Lead Actor","1",51000000,51000000,11000000,97,74,2350417.47,2350417.47,"0","1","2022","2022","0","0"
"1331","Melissa Barrera","Lead Actress","1",51000000,51000000,24000000,82,76,6215801.34,6215801.34,"0","1","2024","2024","0","0"
"1407","Julia Fox","Lead Actress","1",50000000,50000000,50000000,92,52,12896476,12896476,"0","1","2019","2019","0","0"
"1489","Emma Berman","Lead Actress","1",50000000,50000000,0,91,86,0,0,"0","1","2021","2021","0","0"
"1420","Georgina Campbell","Lead Actress","1",49000000,49000000,45000000,92,75,4986153.9,4986153.9,"0","1","2022","2022","0","0"
"1208","Brendan Fraser","Lead Actor","1",49000000,49000000,17000000,64,79,2489805.9,2489805.9,"0","1","2022","2022","0","0"
"1418","Sadie Sink","Lead Actress","1",49000000,49000000,17000000,64,79,2489805.9,2489805.9,"0","1","2022","2022","0","0"
"1380","Mikey Madison","Lead Actress","1",48000000,48000000,36000000,95,82,10249734.27,10249734.27,"0","1","2024","2024","0","0"
"1301","Mark Eydelshteyn","Lead Actor","1",48000000,48000000,36000000,95,82,10249734.27,10249734.27,"0","1","2024","2024","0","0"
"1289","Daniel Day-Lewis","Lead Actor","1",48000000,48000000,22000000,91,68,6474885.22,6474885.22,"0","1","2017","2017","0","0"
"1282","Jack Reynor","Lead Actor","1",48000000,48000000,27000000,83,63,7028268.8,7028268.8,"0","1","2019","2019","0","0"
"1339","Vicky Krieps","Lead Actress","1",48000000,48000000,22000000,91,68,6474885.22,6474885.22,"0","1","2017","2017","0","0"
"1280","Mark Strong","Lead Actor","1",47000000,47000000,21000000,90,52,5805946.28,5805946.28,"0","1","2022","2022","0","0"
"1484","Tilda Swinton","Lead Actress","1",46000000,46000000,16000000,74,67,4799734.36,4799734.36,"0","1","2021","2021","0","0"
"1419","Da'Vine Joy Randolph","Lead Actress","1",44000000,44000000,26000000,96,90,4092494.1,4092494.1,"0","1","2023","2023","0","0"
"1265","Paul Giamatti","Lead Actor","1",44000000,44000000,26000000,96,90,4092494.1,4092494.1,"0","1","2023","2023","0","0"
"1250","David Strathairn","Lead Actor","1",39000000,39000000,4000000,93,72,435523.14,435523.14,"0","1","2020","2020","0","0"
"1315","Katy Mixon","Lead Actress","1",38000000,38000000,27000000,97,88,6333886.29,6333886.29,"0","1","2016","2016","0","0"
"1239","Domhnall Gleeson","Lead Actor","1",37000000,37000000,25000000,92,86,6597819.11,6597819.11,"0","1","2015","2015","0","0"
"1436","Eiza González","Lead Actress","1",37000000,37000000,10000000,30,70,1950432.55,1950432.55,"0","1","2020","2020","0","0"
"1232","Cooper Hoffman","Lead Actor","1",33000000,33000000,17000000,91,68,2570213.47,2570213.47,"0","1","2021","2021","0","0"
"1395","Alana Haim","Lead Actress","1",33000000,33000000,17000000,91,68,2570213.47,2570213.47,"0","1","2021","2021","0","0"
"1296","James Franco","Lead Actor","1",29000000,29000000,21000000,91,82,5860816.78,5860816.78,"0","1","2017","2017","0","0"
"1458","Ari Graynor","Lead Actress","1",29000000,29000000,21000000,91,82,5860816.78,5860816.78,"0","1","2017","2017","0","0"
"1344","Greta Lee","Lead Actress","1",27000000,27000000,22000000,96,88,4326493.55,4326493.55,"0","1","2023","2023","0","0"
"1144","Teo Yoo","Lead Actor","1",27000000,27000000,22000000,96,88,4326493.55,4326493.55,"0","1","2023","2023","0","0"
"1387","Carey Mulligan","Lead Actress","2",20000000,10000000,4000000,85,66,1725589.15,862794.58,"0","2","2020","2023","0","0"
"1106","Bo Burnham","Lead Actor","1",19000000,19000000,7000000,90,72,1543102.76,1543102.76,"0","1","2020","2020","0","0"
"1223","Josh Hamilton","Lead Actor","1",15000000,15000000,14000000,99,89,1583396.04,1583396.04,"0","1","2018","2018","0","0"
"1488","Elsie Fisher","Lead Actress","1",15000000,15000000,14000000,99,89,1583396.04,1583396.04,"0","1","2018","2018","0","0"
"1347","Janelle Monáe","Lead Actress","1",14000000,14000000,14000000,93,82,3284987.28,3284987.28,"1","0","2022","2022","0","0"
"1343","Anna Paquin","Lead Actress","1",8000000,8000000,8000000,95,86,2187577.08,2187577.08,"0","1","2019","2019","0","0"
"1169","Troy Kotsur","Lead Actor","1",2000000,2000000,1000000,94,91,199251.54,199251.54,"0","1","2021","2021","0","0"
"1465","Emilia Jones","Lead Actress","1",2000000,2000000,1000000,94,91,199251.54,199251.54,"0","1","2021","2021","0","0"
"1231","Andy Samberg","Lead Actor","1",1000000,1000000,1000000,94,83,213732.05,213732.05,"0","1","2020","2020","0","0"
"1320","Kelsey Asbille","Lead Actress","1",1000000,1000000,1000000,90,89,165479.86,165479.86,"0","1","2020","2020","0","0"
"1346","Cristin Milioti","Lead Actress","1",1000000,1000000,1000000,94,83,213732.05,213732.05,"0","1","2020","2020","0","0"